threshold,tp,fp,fn,tn,precision,recall,f1,fpr
0.0,355,5645,0,0,0.059167,1.0,0.111723,1.0
1.0,355,4403,0,1242,0.074611,1.0,0.138862,0.77998229
2.0,354,3596,1,2049,0.08962,0.997183,0.16446,0.63702391
3.0,354,2820,1,2825,0.111531,0.997183,0.200623,0.49955713
4.0,354,2151,1,3494,0.141317,0.997183,0.247552,0.38104517
5.0,353,1601,2,4044,0.180655,0.994366,0.30576,0.28361382
6.0,353,890,2,4755,0.28399,0.994366,0.441802,0.15766165
7.0,353,640,2,5005,0.355488,0.994366,0.523739,0.11337467
8.0,353,351,2,5294,0.50142,0.994366,0.666667,0.06217892
9.0,353,264,2,5381,0.572123,0.994366,0.726337,0.04676705
10.0,353,214,2,5431,0.622575,0.994366,0.765727,0.03790965
11.0,353,162,2,5483,0.685437,0.994366,0.811494,0.02869796
12.0,353,144,2,5501,0.710262,0.994366,0.828638,0.0255093
13.0,353,122,2,5523,0.743158,0.994366,0.850602,0.02161205
14.0,353,108,2,5537,0.765727,0.994366,0.865196,0.01913198
15.0,353,93,2,5552,0.79148,0.994366,0.881398,0.01647476
16.0,353,84,2,5561,0.80778,0.994366,0.891414,0.01488043
17.0,353,77,2,5568,0.82093,0.994366,0.899363,0.01364039
18.0,352,70,3,5575,0.834123,0.991549,0.906049,0.01240035
19.0,352,60,3,5585,0.854369,0.991549,0.917862,0.01062888
20.0,352,54,3,5591,0.866995,0.991549,0.925099,0.00956599
21.0,352,54,3,5591,0.866995,0.991549,0.925099,0.00956599
22.0,351,53,4,5592,0.868812,0.988732,0.924901,0.00938884
23.0,351,50,4,5595,0.875312,0.988732,0.928571,0.0088574
24.0,351,48,4,5597,0.879699,0.988732,0.931034,0.0085031
25.0,351,46,4,5599,0.884131,0.988732,0.933511,0.0081488
26.0,351,45,4,5600,0.886364,0.988732,0.934754,0.00797166
27.0,351,45,4,5600,0.886364,0.988732,0.934754,0.00797166
28.0,351,44,4,5601,0.888608,0.988732,0.936,0.00779451
29.0,351,43,4,5602,0.890863,0.988732,0.93725,0.00761736
30.0,351,43,4,5602,0.890863,0.988732,0.93725,0.00761736
31.0,351,41,4,5604,0.895408,0.988732,0.939759,0.00726306
32.0,351,39,4,5606,0.9,0.988732,0.942282,0.00690877
33.0,351,39,4,5606,0.9,0.988732,0.942282,0.00690877
34.0,351,37,4,5608,0.904639,0.988732,0.944818,0.00655447
35.0,351,36,4,5609,0.906977,0.988732,0.946092,0.00637733
36.0,351,36,4,5609,0.906977,0.988732,0.946092,0.00637733
37.0,351,34,4,5611,0.911688,0.988732,0.948649,0.00602303
38.0,351,32,4,5613,0.916449,0.988732,0.95122,0.00566873
39.0,351,32,4,5613,0.916449,0.988732,0.95122,0.00566873
40.0,351,31,4,5614,0.918848,0.988732,0.95251,0.00549159
41.0,351,31,4,5614,0.918848,0.988732,0.95251,0.00549159
42.0,350,30,5,5615,0.921053,0.985915,0.952381,0.00531444
43.0,350,30,5,5615,0.921053,0.985915,0.952381,0.00531444
44.0,350,29,5,5616,0.923483,0.985915,0.953678,0.00513729
45.0,349,28,6,5617,0.925729,0.983099,0.953552,0.00496014
46.0,349,28,6,5617,0.925729,0.983099,0.953552,0.00496014
47.0,348,28,7,5617,0.925532,0.980282,0.95212,0.00496014
48.0,348,27,7,5618,0.928,0.980282,0.953425,0.00478299
49.0,348,26,7,5619,0.930481,0.980282,0.954733,0.00460585
50.0,348,26,7,5619,0.930481,0.980282,0.954733,0.00460585
51.0,348,26,7,5619,0.930481,0.980282,0.954733,0.00460585
52.0,348,26,7,5619,0.930481,0.980282,0.954733,0.00460585
53.0,348,26,7,5619,0.930481,0.980282,0.954733,0.00460585
54.0,347,23,8,5622,0.937838,0.977465,0.957241,0.0040744
55.0,347,23,8,5622,0.937838,0.977465,0.957241,0.0040744
56.0,347,23,8,5622,0.937838,0.977465,0.957241,0.0040744
57.0,347,22,8,5623,0.940379,0.977465,0.958564,0.00389725
58.0,347,22,8,5623,0.940379,0.977465,0.958564,0.00389725
59.0,347,22,8,5623,0.940379,0.977465,0.958564,0.00389725
60.0,347,21,8,5624,0.942935,0.977465,0.959889,0.00372011
61.0,346,21,9,5624,0.942779,0.974648,0.958449,0.00372011
62.0,346,17,9,5628,0.953168,0.974648,0.963788,0.00301151
63.0,346,17,9,5628,0.953168,0.974648,0.963788,0.00301151
64.0,346,17,9,5628,0.953168,0.974648,0.963788,0.00301151
65.0,346,17,9,5628,0.953168,0.974648,0.963788,0.00301151
66.0,343,17,12,5628,0.952778,0.966197,0.959441,0.00301151
67.0,342,16,13,5629,0.955307,0.96338,0.959327,0.00283437
68.0,342,16,13,5629,0.955307,0.96338,0.959327,0.00283437
69.0,338,13,17,5632,0.962963,0.952113,0.957507,0.00230292
70.0,338,12,17,5633,0.965714,0.952113,0.958865,0.00212578
71.0,336,12,19,5633,0.965517,0.946479,0.955903,0.00212578
72.0,335,11,20,5634,0.968208,0.943662,0.955777,0.00194863
73.0,334,10,21,5635,0.97093,0.940845,0.955651,0.00177148
74.0,333,10,22,5635,0.970845,0.938028,0.954155,0.00177148
75.0,332,9,23,5636,0.973607,0.935211,0.954023,0.00159433
76.0,332,8,23,5637,0.976471,0.935211,0.955396,0.00141718
77.0,332,8,23,5637,0.976471,0.935211,0.955396,0.00141718
78.0,328,5,27,5640,0.984985,0.923944,0.953488,0.00088574
79.0,327,5,28,5640,0.98494,0.921127,0.951965,0.00088574
80.0,327,5,28,5640,0.98494,0.921127,0.951965,0.00088574
81.0,324,5,31,5640,0.984802,0.912676,0.947368,0.00088574
82.0,324,5,31,5640,0.984802,0.912676,0.947368,0.00088574
83.0,324,5,31,5640,0.984802,0.912676,0.947368,0.00088574
84.0,320,5,35,5640,0.984615,0.901408,0.941176,0.00088574
85.0,320,5,35,5640,0.984615,0.901408,0.941176,0.00088574
86.0,319,4,36,5641,0.987616,0.898592,0.941003,0.00070859
87.0,319,4,36,5641,0.987616,0.898592,0.941003,0.00070859
88.0,319,4,36,5641,0.987616,0.898592,0.941003,0.00070859
89.0,318,4,37,5641,0.987578,0.895775,0.939439,0.00070859
90.0,313,4,42,5641,0.987382,0.88169,0.931548,0.00070859
91.0,309,4,46,5641,0.98722,0.870423,0.92515,0.00070859
92.0,305,4,50,5641,0.987055,0.859155,0.918675,0.00070859
93.0,297,4,58,5641,0.986711,0.83662,0.905488,0.00070859
94.0,295,4,60,5641,0.986622,0.830986,0.902141,0.00070859
95.0,293,4,62,5641,0.986532,0.825352,0.898773,0.00070859
96.0,281,2,74,5643,0.992933,0.791549,0.880878,0.0003543
97.0,280,2,75,5643,0.992908,0.788732,0.879121,0.0003543
98.0,278,2,77,5643,0.992857,0.783099,0.875591,0.0003543
99.0,277,2,78,5643,0.992832,0.780282,0.873817,0.0003543
100.0,268,1,87,5644,0.996283,0.75493,0.858974,0.00017715
