n_estimators,max_samples,max_features,contamination,val_ap,val_auc,val_recall_5pct
800,0.8,0.7,0.01,0.333794079414662,0.880515456044319,0.5443037974683544
800,0.8,0.7,0.005,0.333794079414662,0.880515456044319,0.5443037974683544
800,0.8,0.7,0.02,0.333794079414662,0.880515456044319,0.5443037974683544
800,0.8,0.7,0.03,0.333794079414662,0.880515456044319,0.5443037974683544
800,0.8,0.7,0.05,0.333794079414662,0.880515456044319,0.5443037974683544
800,0.8,0.7,0.08,0.333794079414662,0.880515456044319,0.5443037974683544
500,0.8,0.7,0.005,0.3330480633962177,0.8822963319391495,0.5443037974683544
500,0.8,0.7,0.01,0.3330480633962177,0.8822963319391495,0.5443037974683544
500,0.8,0.7,0.02,0.3330480633962177,0.8822963319391495,0.5443037974683544
500,0.8,0.7,0.03,0.3330480633962177,0.8822963319391495,0.5443037974683544
500,0.8,0.7,0.05,0.3330480633962177,0.8822963319391495,0.5443037974683544
500,0.8,0.7,0.08,0.3330480633962177,0.8822963319391495,0.5443037974683544
500,0.8,0.8,0.005,0.32400812437686277,0.8744690989217758,0.5443037974683544
500,0.8,0.8,0.01,0.32400812437686277,0.8744690989217758,0.5443037974683544
500,0.8,0.8,0.02,0.32400812437686277,0.8744690989217758,0.5443037974683544
500,0.8,0.8,0.03,0.32400812437686277,0.8744690989217758,0.5443037974683544
500,0.8,0.8,0.05,0.32400812437686277,0.8744690989217758,0.5443037974683544
500,0.8,0.8,0.08,0.32400812437686277,0.8744690989217758,0.5443037974683544
800,0.8,1.0,0.02,0.323655573177311,0.8717022053156405,0.5443037974683544
800,0.8,1.0,0.03,0.323655573177311,0.8717022053156405,0.5443037974683544
800,0.8,1.0,0.005,0.323655573177311,0.8717022053156405,0.5443037974683544
800,0.8,1.0,0.01,0.323655573177311,0.8717022053156405,0.5443037974683544
800,0.8,1.0,0.08,0.323655573177311,0.8717022053156405,0.5443037974683544
800,0.8,1.0,0.05,0.323655573177311,0.8717022053156405,0.5443037974683544
300,0.8,0.7,0.02,0.3236387591897735,0.8857095602721774,0.5569620253164557
300,0.8,0.7,0.03,0.3236387591897735,0.8857095602721774,0.5569620253164557
300,0.8,0.7,0.05,0.3236387591897735,0.8857095602721774,0.5569620253164557
300,0.8,0.7,0.08,0.3236387591897735,0.8857095602721774,0.5569620253164557
300,0.8,0.7,0.01,0.3236387591897735,0.8857095602721774,0.5569620253164557
300,0.8,0.7,0.005,0.3236387591897735,0.8857095602721774,0.5569620253164557
500,0.7,1.0,0.03,0.3228218566726685,0.8775641965700921,0.5569620253164557
500,0.7,1.0,0.02,0.3228218566726685,0.8775641965700921,0.5569620253164557
500,0.7,1.0,0.005,0.3228218566726685,0.8775641965700921,0.5569620253164557
500,0.7,1.0,0.01,0.3228218566726685,0.8775641965700921,0.5569620253164557
500,0.7,1.0,0.08,0.3228218566726685,0.8775641965700921,0.5569620253164557
500,0.7,1.0,0.05,0.3228218566726685,0.8775641965700921,0.5569620253164557
800,0.8,0.8,0.03,0.32196110162637476,0.8722904425389921,0.5443037974683544
800,0.8,0.8,0.02,0.32196110162637476,0.8722904425389921,0.5443037974683544
800,0.8,0.8,0.005,0.32196110162637476,0.8722904425389921,0.5443037974683544
800,0.8,0.8,0.01,0.32196110162637476,0.8722904425389921,0.5443037974683544
800,0.8,0.8,0.08,0.32196110162637476,0.8722904425389921,0.5443037974683544
800,0.8,0.8,0.05,0.32196110162637476,0.8722904425389921,0.5443037974683544
800,0.8,0.6,0.03,0.3211761471022306,0.8805927632062888,0.5443037974683544
800,0.8,0.6,0.02,0.3211761471022306,0.8805927632062888,0.5443037974683544
800,0.8,0.6,0.08,0.3211761471022306,0.8805927632062888,0.5443037974683544
800,0.8,0.6,0.05,0.3211761471022306,0.8805927632062888,0.5443037974683544
800,0.8,0.6,0.005,0.3211761471022306,0.8805927632062888,0.5443037974683544
800,0.8,0.6,0.01,0.3211761471022306,0.8805927632062888,0.5443037974683544
800,0.7,0.8,0.005,0.3209803057099274,0.8761918773130654,0.5443037974683544
800,0.7,0.8,0.01,0.3209803057099274,0.8761918773130654,0.5443037974683544
800,0.7,0.8,0.05,0.3209803057099274,0.8761918773130654,0.5443037974683544
800,0.7,0.8,0.08,0.3209803057099274,0.8761918773130654,0.5443037974683544
800,0.7,0.8,0.02,0.3209803057099274,0.8761918773130654,0.5443037974683544
800,0.7,0.8,0.03,0.3209803057099274,0.8761918773130654,0.5443037974683544
500,0.8,1.0,0.03,0.31959386098479914,0.871226649137463,0.5443037974683544
500,0.8,1.0,0.02,0.31959386098479914,0.871226649137463,0.5443037974683544
500,0.8,1.0,0.01,0.31959386098479914,0.871226649137463,0.5443037974683544
500,0.8,1.0,0.005,0.31959386098479914,0.871226649137463,0.5443037974683544
500,0.8,1.0,0.08,0.31959386098479914,0.871226649137463,0.5443037974683544
500,0.8,1.0,0.05,0.31959386098479914,0.871226649137463,0.5443037974683544
300,0.7,1.0,0.03,0.3192424570944519,0.8825071696536123,0.5569620253164557
300,0.7,1.0,0.02,0.3192424570944519,0.8825071696536123,0.5569620253164557
300,0.7,1.0,0.05,0.3192424570944519,0.8825071696536123,0.5569620253164557
300,0.7,1.0,0.08,0.3192424570944519,0.8825071696536123,0.5569620253164557
300,0.7,1.0,0.01,0.3192424570944519,0.8825071696536123,0.5569620253164557
300,0.7,1.0,0.005,0.3192424570944519,0.8825071696536123,0.5569620253164557
500,0.8,0.6,0.005,0.3190761626773896,0.8796671856397964,0.5443037974683544
500,0.8,0.6,0.01,0.3190761626773896,0.8796671856397964,0.5443037974683544
500,0.8,0.6,0.08,0.3190761626773896,0.8796671856397964,0.5443037974683544
500,0.8,0.6,0.05,0.3190761626773896,0.8796671856397964,0.5443037974683544
500,0.8,0.6,0.03,0.3190761626773896,0.8796671856397964,0.5443037974683544
500,0.8,0.6,0.02,0.3190761626773896,0.8796671856397964,0.5443037974683544
800,0.7,0.6,0.05,0.3186761092842475,0.8825137290491734,0.5569620253164557
800,0.7,0.6,0.08,0.3186761092842475,0.8825137290491734,0.5569620253164557
800,0.7,0.6,0.03,0.3186761092842475,0.8825137290491734,0.5569620253164557
800,0.7,0.6,0.02,0.3186761092842475,0.8825137290491734,0.5569620253164557
800,0.7,0.6,0.005,0.3186761092842475,0.8825137290491734,0.5569620253164557
800,0.7,0.6,0.01,0.3186761092842475,0.8825137290491734,0.5569620253164557
500,0.7,0.6,0.03,0.3178596801639588,0.8825205227088617,0.5569620253164557
500,0.7,0.6,0.02,0.3178596801639588,0.8825205227088617,0.5569620253164557
500,0.7,0.6,0.01,0.3178596801639588,0.8825205227088617,0.5569620253164557
500,0.7,0.6,0.005,0.3178596801639588,0.8825205227088617,0.5569620253164557
500,0.7,0.6,0.08,0.3178596801639588,0.8825205227088617,0.5569620253164557
500,0.7,0.6,0.05,0.3178596801639588,0.8825205227088617,0.5569620253164557
800,0.7,1.0,0.08,0.31779832457990886,0.8750306300346289,0.5443037974683544
800,0.7,1.0,0.05,0.31779832457990886,0.8750306300346289,0.5443037974683544
800,0.7,1.0,0.03,0.31779832457990886,0.8750306300346289,0.5443037974683544
800,0.7,1.0,0.02,0.31779832457990886,0.8750306300346289,0.5443037974683544
800,0.7,1.0,0.005,0.31779832457990886,0.8750306300346289,0.5443037974683544
800,0.7,1.0,0.01,0.31779832457990886,0.8750306300346289,0.5443037974683544
300,0.8,0.6,0.02,0.3155835862376649,0.8776759405587574,0.5443037974683544
300,0.8,0.6,0.03,0.3155835862376649,0.8776759405587574,0.5443037974683544
300,0.8,0.6,0.05,0.3155835862376649,0.8776759405587574,0.5443037974683544
300,0.8,0.6,0.08,0.3155835862376649,0.8776759405587574,0.5443037974683544
300,0.8,0.6,0.005,0.3155835862376649,0.8776759405587574,0.5443037974683544
300,0.8,0.6,0.01,0.3155835862376649,0.8776759405587574,0.5443037974683544
800,0.7,0.7,0.02,0.31534902402639176,0.8819974109128663,0.5569620253164557
800,0.7,0.7,0.03,0.31534902402639176,0.8819974109128663,0.5569620253164557
800,0.7,0.7,0.01,0.31534902402639176,0.8819974109128663,0.5569620253164557
800,0.7,0.7,0.005,0.31534902402639176,0.8819974109128663,0.5569620253164557
800,0.7,0.7,0.05,0.31534902402639176,0.8819974109128663,0.5569620253164557
800,0.7,0.7,0.08,0.31534902402639176,0.8819974109128663,0.5569620253164557
500,0.7,0.8,0.05,0.31390934849295243,0.8775492036659525,0.5569620253164557
500,0.7,0.8,0.08,0.31390934849295243,0.8775492036659525,0.5569620253164557
500,0.7,0.8,0.03,0.31390934849295243,0.8775492036659525,0.5569620253164557
500,0.7,0.8,0.02,0.31390934849295243,0.8775492036659525,0.5569620253164557
500,0.7,0.8,0.005,0.31390934849295243,0.8775492036659525,0.5569620253164557
500,0.7,0.8,0.01,0.31390934849295243,0.8775492036659525,0.5569620253164557
500,0.7,0.7,0.02,0.31324173639264125,0.8813686459955125,0.5569620253164557
500,0.7,0.7,0.03,0.31324173639264125,0.8813686459955125,0.5569620253164557
500,0.7,0.7,0.05,0.31324173639264125,0.8813686459955125,0.5569620253164557
500,0.7,0.7,0.08,0.31324173639264125,0.8813686459955125,0.5569620253164557
500,0.7,0.7,0.005,0.31324173639264125,0.8813686459955125,0.5569620253164557
500,0.7,0.7,0.01,0.31324173639264125,0.8813686459955125,0.5569620253164557
300,0.8,0.8,0.03,0.30780611840012734,0.8749558997780581,0.5569620253164557
300,0.8,0.8,0.02,0.30780611840012734,0.8749558997780581,0.5569620253164557
300,0.8,0.8,0.05,0.30780611840012734,0.8749558997780581,0.5569620253164557
300,0.8,0.8,0.08,0.30780611840012734,0.8749558997780581,0.5569620253164557
300,0.8,0.8,0.01,0.30780611840012734,0.8749558997780581,0.5569620253164557
300,0.8,0.8,0.005,0.30780611840012734,0.8749558997780581,0.5569620253164557
300,0.7,0.6,0.03,0.3071944132649464,0.8796461018683501,0.5443037974683544
300,0.7,0.6,0.02,0.3071944132649464,0.8796461018683501,0.5443037974683544
300,0.7,0.6,0.08,0.3071944132649464,0.8796461018683501,0.5443037974683544
300,0.7,0.6,0.05,0.3071944132649464,0.8796461018683501,0.5443037974683544
300,0.7,0.6,0.005,0.3071944132649464,0.8796461018683501,0.5443037974683544
300,0.7,0.6,0.01,0.3071944132649464,0.8796461018683501,0.5443037974683544
300,0.7,0.8,0.005,0.30514869405558936,0.8828035137744963,0.5569620253164557
300,0.7,0.8,0.01,0.30514869405558936,0.8828035137744963,0.5569620253164557
300,0.7,0.8,0.05,0.30514869405558936,0.8828035137744963,0.5569620253164557
300,0.7,0.8,0.08,0.30514869405558936,0.8828035137744963,0.5569620253164557
300,0.7,0.8,0.03,0.30514869405558936,0.8828035137744963,0.5569620253164557
300,0.7,0.8,0.02,0.30514869405558936,0.8828035137744963,0.5569620253164557
300,0.8,1.0,0.05,0.3038774193273919,0.8714475602093947,0.5443037974683544
300,0.8,1.0,0.08,0.3038774193273919,0.8714475602093947,0.5443037974683544
300,0.8,1.0,0.005,0.3038774193273919,0.8714475602093947,0.5443037974683544
300,0.8,1.0,0.01,0.3038774193273919,0.8714475602093947,0.5443037974683544
300,0.8,1.0,0.02,0.3038774193273919,0.8714475602093947,0.5443037974683544
300,0.8,1.0,0.03,0.3038774193273919,0.8714475602093947,0.5443037974683544
300,0.7,0.7,0.02,0.3033945359839822,0.8836981684762009,0.5569620253164557
300,0.7,0.7,0.03,0.3033945359839822,0.8836981684762009,0.5569620253164557
300,0.7,0.7,0.05,0.3033945359839822,0.8836981684762009,0.5569620253164557
300,0.7,0.7,0.08,0.3033945359839822,0.8836981684762009,0.5569620253164557
300,0.7,0.7,0.01,0.3033945359839822,0.8836981684762009,0.5569620253164557
300,0.7,0.7,0.005,0.3033945359839822,0.8836981684762009,0.5569620253164557
800,auto,0.8,0.005,0.10352124236954342,0.8954865736200788,0.5949367088607594
800,auto,0.8,0.01,0.10352124236954342,0.8954865736200788,0.5949367088607594
800,auto,0.8,0.05,0.10352124236954342,0.8954865736200788,0.5949367088607594
800,auto,0.8,0.08,0.10352124236954342,0.8954865736200788,0.5949367088607594
800,auto,0.8,0.02,0.10352124236954342,0.8954865736200788,0.5949367088607594
800,auto,0.8,0.03,0.10352124236954342,0.8954865736200788,0.5949367088607594
300,auto,0.7,0.05,0.10259494876192046,0.9016123462817364,0.5949367088607594
300,auto,0.7,0.08,0.10259494876192046,0.9016123462817364,0.5949367088607594
300,auto,0.7,0.02,0.10259494876192046,0.9016123462817364,0.5949367088607594
300,auto,0.7,0.03,0.10259494876192046,0.9016123462817364,0.5949367088607594
300,auto,0.7,0.005,0.10259494876192046,0.9016123462817364,0.5949367088607594
300,auto,0.7,0.01,0.10259494876192046,0.9016123462817364,0.5949367088607594
300,auto,0.6,0.005,0.10134652278591501,0.8917287427559675,0.5569620253164557
300,auto,0.6,0.01,0.10134652278591501,0.8917287427559675,0.5569620253164557
300,auto,0.6,0.08,0.10134652278591501,0.8917287427559675,0.5569620253164557
300,auto,0.6,0.05,0.10134652278591501,0.8917287427559675,0.5569620253164557
300,auto,0.6,0.03,0.10134652278591501,0.8917287427559675,0.5569620253164557
300,auto,0.6,0.02,0.10134652278591501,0.8917287427559675,0.5569620253164557
500,auto,0.7,0.05,0.09477063128246783,0.9005766645754688,0.6075949367088608
500,auto,0.7,0.08,0.09477063128246783,0.9005766645754688,0.6075949367088608
500,auto,0.7,0.02,0.09477063128246783,0.9005766645754688,0.6075949367088608
500,auto,0.7,0.03,0.09477063128246783,0.9005766645754688,0.6075949367088608
500,auto,0.7,0.01,0.09477063128246783,0.9005766645754688,0.6075949367088608
500,auto,0.7,0.005,0.09477063128246783,0.9005766645754688,0.6075949367088608
800,auto,0.7,0.08,0.094105128268546,0.9007975756474006,0.6075949367088608
800,auto,0.7,0.05,0.094105128268546,0.9007975756474006,0.6075949367088608
800,auto,0.7,0.005,0.094105128268546,0.9007975756474006,0.6075949367088608
800,auto,0.7,0.01,0.094105128268546,0.9007975756474006,0.6075949367088608
800,auto,0.7,0.02,0.094105128268546,0.9007975756474006,0.6075949367088608
800,auto,0.7,0.03,0.094105128268546,0.9007975756474006,0.6075949367088608
500,auto,0.8,0.005,0.09375760428913792,0.8952420018713019,0.5949367088607594
500,auto,0.8,0.01,0.09375760428913792,0.8952420018713019,0.5949367088607594
500,auto,0.8,0.02,0.09375760428913792,0.8952420018713019,0.5949367088607594
500,auto,0.8,0.03,0.09375760428913792,0.8952420018713019,0.5949367088607594
500,auto,0.8,0.05,0.09375760428913792,0.8952420018713019,0.5949367088607594
500,auto,0.8,0.08,0.09375760428913792,0.8952420018713019,0.5949367088607594
500,auto,0.6,0.01,0.09069983642904121,0.8957983791733568,0.5569620253164557
500,auto,0.6,0.005,0.09069983642904121,0.8957983791733568,0.5569620253164557
500,auto,0.6,0.05,0.09069983642904121,0.8957983791733568,0.5569620253164557
500,auto,0.6,0.08,0.09069983642904121,0.8957983791733568,0.5569620253164557
500,auto,0.6,0.02,0.09069983642904121,0.8957983791733568,0.5569620253164557
500,auto,0.6,0.03,0.09069983642904121,0.8957983791733568,0.5569620253164557
300,auto,1.0,0.005,0.09003472265107876,0.9065918645690969,0.6329113924050633
300,auto,1.0,0.01,0.09003472265107876,0.9065918645690969,0.6329113924050633
300,auto,1.0,0.02,0.09003472265107876,0.9065918645690969,0.6329113924050633
300,auto,1.0,0.03,0.09003472265107876,0.9065918645690969,0.6329113924050633
300,auto,1.0,0.05,0.09003472265107876,0.9065918645690969,0.6329113924050633
300,auto,1.0,0.08,0.09003472265107876,0.9065918645690969,0.6329113924050633
800,auto,0.6,0.05,0.08497845481225168,0.8989928048115977,0.5949367088607594
800,auto,0.6,0.08,0.08497845481225168,0.8989928048115977,0.5949367088607594
800,auto,0.6,0.02,0.08497845481225168,0.8989928048115977,0.5949367088607594
800,auto,0.6,0.03,0.08497845481225168,0.8989928048115977,0.5949367088607594
800,auto,0.6,0.01,0.08497845481225168,0.8989928048115977,0.5949367088607594
800,auto,0.6,0.005,0.08497845481225168,0.8989928048115977,0.5949367088607594
500,auto,1.0,0.05,0.08445304027302454,0.904779363017097,0.620253164556962
500,auto,1.0,0.08,0.08445304027302454,0.904779363017097,0.620253164556962
500,auto,1.0,0.02,0.08445304027302454,0.904779363017097,0.620253164556962
500,auto,1.0,0.03,0.08445304027302454,0.904779363017097,0.620253164556962
500,auto,1.0,0.005,0.08445304027302454,0.904779363017097,0.620253164556962
500,auto,1.0,0.01,0.08445304027302454,0.904779363017097,0.620253164556962
800,auto,1.0,0.02,0.08439660143674478,0.903402592741654,0.620253164556962
800,auto,1.0,0.03,0.08439660143674478,0.903402592741654,0.620253164556962
800,auto,1.0,0.005,0.08439660143674478,0.903402592741654,0.620253164556962
800,auto,1.0,0.01,0.08439660143674478,0.903402592741654,0.620253164556962
800,auto,1.0,0.05,0.08439660143674478,0.903402592741654,0.620253164556962
800,auto,1.0,0.08,0.08439660143674478,0.903402592741654,0.620253164556962
300,auto,0.8,0.03,0.06944778895262814,0.8940458492379153,0.5569620253164557
300,auto,0.8,0.02,0.06944778895262814,0.8940458492379153,0.5569620253164557
300,auto,0.8,0.05,0.06944778895262814,0.8940458492379153,0.5569620253164557
300,auto,0.8,0.08,0.06944778895262814,0.8940458492379153,0.5569620253164557
300,auto,0.8,0.01,0.06944778895262814,0.8940458492379153,0.5569620253164557
300,auto,0.8,0.005,0.06944778895262814,0.8940458492379153,0.5569620253164557
