categoria_residual,motivo_classificacao,transaction_id,customer_id,receiver_id,event_datetime,vl_pix,nr_idade,qt_tempo_relacionamento_mes,first_receiver_flag,pix_key_random_flag,burst_30m_flag,lgbm_raw,lgbm_mapped,if_percentile,if_raw,se_score,beh_score,se_worst_pattern,score_final,decisao,veto_reason,veto_suppressed_reason,exp004_policy_reason,exp004_rate_score,exp004_primeiro_receiver_score,exp004_tx_count_30m,exp004_sum_vl_30m,exp004_tx_count_60m,exp004_sum_vl_60m,exp004_distinct_receivers_30m,exp004_hist_count_90d,exp004_hist_avg_90d
GUARD_SUPPRESSED_CANDIDATE,ha veto suprimido que merece revisao manual,E0000020820260227174607667379525,87568039153,,2026-02-27 14:46:38,498.96,45,317,1,1,0,0.02834015,39.17,0.763758,0.196947,0.0,0.0,,44.88,APROVAR,,,,0.0,0.0,1.0,498.96,1.0,498.96,0.0,0.0,0.0
GUARD_SUPPRESSED_CANDIDATE,ha veto suprimido que merece revisao manual,E0000020820260107140624591248525,5720116109,,2026-01-07 11:06:37,390.0,30,58,1,1,0,0.00370505,16.01,0.360036,0.236977,0.0,0.0,,17.44,APROVAR,,,,0.0,0.0,1.0,390.0,1.0,390.0,0.0,0.0,0.0
GUARD_SUPPRESSED_CANDIDATE,ha veto suprimido que merece revisao manual,E0000020820260205003505340630525,4321433355,,2026-02-04 21:39:14,381.0,34,6,1,0,0,0.06847418,59.24,0.446114,0.230643,0.0,0.0,,60.67,APROVAR,,,,0.0,0.0,1.0,381.0,1.0,381.0,0.0,0.0,0.0
GUARD_SUPPRESSED_CANDIDATE,ha veto suprimido que merece revisao manual,E0000020820260316231246610306525,34407499168,,2026-03-16 20:13:06,300.0,60,243,1,0,0,0.02850356,39.25,0.957011,0.12618,0.0,0.0,,46.39,APROVAR,,,,0.0,0.0,1.0,300.0,1.0,300.0,0.0,0.0,0.0
GUARD_SUPPRESSED_CANDIDATE,ha veto suprimido que merece revisao manual,E0000020820260224213046993254525,2985493102,,2026-02-24 18:30:47,188.82,27,41,1,1,0,3.193e-05,0.32,0.276744,0.243442,0.0,0.0,,1.75,APROVAR,,,,0.0,0.0,1.0,188.82,1.0,188.82,0.0,0.0,0.0
GUARD_SUPPRESSED_CANDIDATE,ha veto suprimido que merece revisao manual,E0000020820260103172401005155525,73008311172,,2026-01-03 14:24:22,142.0,40,216,1,0,0,0.04782257,48.91,0.477062,0.228292,0.0,0.0,,53.2,APROVAR,,,,0.0,0.0,1.0,142.0,1.0,142.0,0.0,0.0,0.0
GUARD_SUPPRESSED_CANDIDATE,ha veto suprimido que merece revisao manual,E0000020820260214233339434522525,72148802100,,2026-02-14 20:33:40,57.88,44,163,1,1,0,0.00417541,17.06,0.379739,0.23555,0.0,0.0,,21.34,APROVAR,,,,0.0,0.0,1.0,57.88,1.0,57.88,0.0,0.0,0.0
GUARD_SUPPRESSED_CANDIDATE,ha veto suprimido que merece revisao manual,E0000020820260123162214303665525,44434707191,,2026-01-23 13:22:29,50.0,58,456,1,0,0,0.0223179,36.16,0.761867,0.197326,0.0,0.0,,41.87,APROVAR,,,,0.0,0.0,1.0,50.0,1.0,50.0,0.0,0.0,0.0
GUARD_SUPPRESSED_CANDIDATE,ha veto suprimido que merece revisao manual,E0000020820260213145228155991525,24746797153,,2026-02-13 11:52:28,29.9,64,267,1,1,0,4.856e-05,0.49,0.708727,0.205312,0.0,0.0,,4.06,APROVAR,,,,0.0,0.0,1.0,29.9,1.0,29.9,0.0,0.0,0.0
