score_col,threshold,label,TP,FP,FN,TN,Precision,Recall,F1,FPR,fns_recuperados,fps_adicionados,tps_perdidos,fps_removidos,rule_hits,delta_FN_vs_post_c1,delta_FP_vs_post_c1,delta_F1_vs_post_c1,passes_strict_shadow,passes_relaxed_shadow
shadow_prob_RF_SHALLOW_BALANCED,0.0462,shadow_prob_RF_SHALLOW_BALANCED_0.0462,353,206,2,10769,0.631485,0.994366,0.772429,0.01876993,6,181,0,0,187,-6,181,-0.182179,False,False
shadow_prob_ENSEMBLE_MEAN,0.0462,shadow_prob_ENSEMBLE_MEAN_0.0462,353,214,2,10761,0.622575,0.994366,0.765727,0.01949886,6,189,0,0,195,-6,189,-0.188881,False,False
shadow_prob_EXTRATREES_SHALLOW_BALANCED,0.0462,shadow_prob_EXTRATREES_SHALLOW_BALANCED_0.0462,353,235,2,10740,0.60034,0.994366,0.748674,0.0214123,6,210,0,0,216,-6,210,-0.205934,False,False
shadow_prob_RF_SHALLOW_BALANCED,0.0186,shadow_prob_RF_SHALLOW_BALANCED_0.0186,353,380,2,10595,0.481583,0.994366,0.648897,0.03462415,6,355,0,0,361,-6,355,-0.305711,False,False
shadow_prob_ENSEMBLE_MEAN,0.0186,shadow_prob_ENSEMBLE_MEAN_0.0186,353,779,2,10196,0.311837,0.994366,0.474781,0.0709795,6,754,0,0,760,-6,754,-0.479827,False,False
shadow_prob_EXTRATREES_SHALLOW_BALANCED,0.0186,shadow_prob_EXTRATREES_SHALLOW_BALANCED_0.0186,353,1403,2,9572,0.201025,0.994366,0.334439,0.12783599,6,1378,0,0,1384,-6,1378,-0.620169,False,False
shadow_prob_LOGREG_BALANCED,0.0462,shadow_prob_LOGREG_BALANCED_0.0462,352,349,3,10626,0.50214,0.991549,0.666667,0.03179954,5,324,0,0,329,-5,324,-0.287941,False,False
shadow_prob_LOGREG_BALANCED,0.0186,shadow_prob_LOGREG_BALANCED_0.0186,352,1084,3,9891,0.245125,0.991549,0.393076,0.09876993,5,1059,0,0,1064,-5,1059,-0.561532,False,False
shadow_prob_LOGREG_BALANCED,0.9,shadow_prob_LOGREG_BALANCED_0.9,351,34,4,10941,0.911688,0.988732,0.948649,0.00309795,4,9,0,0,13,-4,9,-0.005959,False,False
shadow_prob_LOGREG_BALANCED,0.85,shadow_prob_LOGREG_BALANCED_0.85,351,35,4,10940,0.909326,0.988732,0.947368,0.00318907,4,10,0,0,14,-4,10,-0.00724,False,False
shadow_prob_LOGREG_BALANCED,0.8,shadow_prob_LOGREG_BALANCED_0.8,351,36,4,10939,0.906977,0.988732,0.946092,0.00328018,4,11,0,0,15,-4,11,-0.008516,False,False
shadow_prob_LOGREG_BALANCED,0.75,shadow_prob_LOGREG_BALANCED_0.75,351,38,4,10937,0.902314,0.988732,0.943548,0.00346241,4,13,0,0,17,-4,13,-0.01106,False,False
shadow_prob_LOGREG_BALANCED,0.6,shadow_prob_LOGREG_BALANCED_0.6,351,41,4,10934,0.895408,0.988732,0.939759,0.00373576,4,16,0,0,20,-4,16,-0.014849,False,False
shadow_prob_LOGREG_BALANCED,0.7,shadow_prob_LOGREG_BALANCED_0.7,351,41,4,10934,0.895408,0.988732,0.939759,0.00373576,4,16,0,0,20,-4,16,-0.014849,False,False
shadow_prob_LOGREG_BALANCED,0.5,shadow_prob_LOGREG_BALANCED_0.5,351,42,4,10933,0.89313,0.988732,0.938503,0.00382688,4,17,0,0,21,-4,17,-0.016105,False,False
shadow_prob_RF_SHALLOW_BALANCED,0.5,shadow_prob_RF_SHALLOW_BALANCED_0.5,351,47,4,10928,0.88191,0.988732,0.932271,0.00428246,4,22,0,0,26,-4,22,-0.022337,False,False
shadow_prob_EXTRATREES_SHALLOW_BALANCED,0.6,shadow_prob_EXTRATREES_SHALLOW_BALANCED_0.6,351,56,4,10919,0.862408,0.988732,0.92126,0.00510251,4,31,0,0,35,-4,31,-0.033348,False,False
shadow_prob_EXTRATREES_SHALLOW_BALANCED,0.5,shadow_prob_EXTRATREES_SHALLOW_BALANCED_0.5,351,60,4,10915,0.854015,0.988732,0.916449,0.00546697,4,35,0,0,39,-4,35,-0.038159,False,False
shadow_prob_LOGREG_BALANCED,0.95,shadow_prob_LOGREG_BALANCED_0.95,350,29,5,10946,0.923483,0.985915,0.953678,0.00264237,3,4,0,0,7,-3,4,-0.00093,False,False
shadow_prob_LOGREG_BALANCED,0.96,shadow_prob_LOGREG_BALANCED_0.96,350,29,5,10946,0.923483,0.985915,0.953678,0.00264237,3,4,0,0,7,-3,4,-0.00093,False,False
shadow_prob_ENSEMBLE_MEAN,0.75,shadow_prob_ENSEMBLE_MEAN_0.75,350,30,5,10945,0.921053,0.985915,0.952381,0.00273349,3,5,0,0,8,-3,5,-0.002227,False,False
shadow_prob_LOGREG_BALANCED,0.92,shadow_prob_LOGREG_BALANCED_0.92,350,31,5,10944,0.918635,0.985915,0.951087,0.0028246,3,6,0,0,9,-3,6,-0.003521,False,False
shadow_prob_LOGREG_BALANCED,0.94,shadow_prob_LOGREG_BALANCED_0.94,350,31,5,10944,0.918635,0.985915,0.951087,0.0028246,3,6,0,0,9,-3,6,-0.003521,False,False
shadow_prob_ENSEMBLE_MEAN,0.7,shadow_prob_ENSEMBLE_MEAN_0.7,350,33,5,10942,0.913838,0.985915,0.948509,0.00300683,3,8,0,0,11,-3,8,-0.006099,False,False
shadow_prob_ENSEMBLE_MEAN,0.6,shadow_prob_ENSEMBLE_MEAN_0.6,350,36,5,10939,0.906736,0.985915,0.944669,0.00328018,3,11,0,0,14,-3,11,-0.009939,False,False
shadow_prob_ENSEMBLE_MEAN,0.5,shadow_prob_ENSEMBLE_MEAN_0.5,350,42,5,10933,0.892857,0.985915,0.937082,0.00382688,3,17,0,0,20,-3,17,-0.017526,False,False
shadow_prob_EXTRATREES_SHALLOW_BALANCED,0.7,shadow_prob_EXTRATREES_SHALLOW_BALANCED_0.7,350,45,5,10930,0.886076,0.985915,0.933333,0.00410023,3,20,0,0,23,-3,20,-0.021275,False,False
shadow_prob_ENSEMBLE_MEAN,0.8,shadow_prob_ENSEMBLE_MEAN_0.8,349,27,6,10948,0.928191,0.983099,0.954856,0.00246014,2,2,0,0,4,-2,2,0.000248,False,False
shadow_prob_LOGREG_BALANCED,0.9616,shadow_prob_LOGREG_BALANCED_0.9616,349,29,6,10946,0.92328,0.983099,0.952251,0.00264237,2,4,0,0,6,-2,4,-0.002357,False,False
shadow_prob_RF_SHALLOW_BALANCED,0.75,shadow_prob_RF_SHALLOW_BALANCED_0.75,349,29,6,10946,0.92328,0.983099,0.952251,0.00264237,2,4,0,0,6,-2,4,-0.002357,False,False
shadow_prob_RF_SHALLOW_BALANCED,0.7,shadow_prob_RF_SHALLOW_BALANCED_0.7,349,30,6,10945,0.920844,0.983099,0.950954,0.00273349,2,5,0,0,7,-2,5,-0.003654,False,False
shadow_prob_RF_SHALLOW_BALANCED,0.6,shadow_prob_RF_SHALLOW_BALANCED_0.6,349,39,6,10936,0.899485,0.983099,0.939435,0.00355353,2,14,0,0,16,-2,14,-0.015173,False,False
shadow_prob_EXTRATREES_SHALLOW_BALANCED,0.75,shadow_prob_EXTRATREES_SHALLOW_BALANCED_0.75,349,43,6,10932,0.890306,0.983099,0.934404,0.003918,2,18,0,0,20,-2,18,-0.020204,False,False
shadow_prob_LOGREG_BALANCED,0.98,shadow_prob_LOGREG_BALANCED_0.98,348,27,7,10948,0.928,0.980282,0.953425,0.00246014,1,2,0,0,3,-1,2,-0.001183,False,False
shadow_prob_LOGREG_BALANCED,0.99,shadow_prob_LOGREG_BALANCED_0.99,348,27,7,10948,0.928,0.980282,0.953425,0.00246014,1,2,0,0,3,-1,2,-0.001183,False,False
shadow_prob_LOGREG_BALANCED,0.97,shadow_prob_LOGREG_BALANCED_0.97,348,28,7,10947,0.925532,0.980282,0.95212,0.00255125,1,3,0,0,4,-1,3,-0.002488,False,False
shadow_prob_LOGREG_BALANCED,0.9984,shadow_prob_LOGREG_BALANCED_0.9984,347,25,8,10950,0.932796,0.977465,0.954608,0.0022779,0,0,0,0,0,0,0,0.0,False,False
shadow_prob_LOGREG_BALANCED,0.9996,shadow_prob_LOGREG_BALANCED_0.9996,347,25,8,10950,0.932796,0.977465,0.954608,0.0022779,0,0,0,0,0,0,0,0.0,False,False
shadow_prob_RF_SHALLOW_BALANCED,0.9,shadow_prob_RF_SHALLOW_BALANCED_0.9,347,25,8,10950,0.932796,0.977465,0.954608,0.0022779,0,0,0,0,0,0,0,0.0,False,False
shadow_prob_RF_SHALLOW_BALANCED,0.92,shadow_prob_RF_SHALLOW_BALANCED_0.92,347,25,8,10950,0.932796,0.977465,0.954608,0.0022779,0,0,0,0,0,0,0,0.0,False,False
shadow_prob_RF_SHALLOW_BALANCED,0.94,shadow_prob_RF_SHALLOW_BALANCED_0.94,347,25,8,10950,0.932796,0.977465,0.954608,0.0022779,0,0,0,0,0,0,0,0.0,False,False
shadow_prob_RF_SHALLOW_BALANCED,0.95,shadow_prob_RF_SHALLOW_BALANCED_0.95,347,25,8,10950,0.932796,0.977465,0.954608,0.0022779,0,0,0,0,0,0,0,0.0,False,False
shadow_prob_RF_SHALLOW_BALANCED,0.96,shadow_prob_RF_SHALLOW_BALANCED_0.96,347,25,8,10950,0.932796,0.977465,0.954608,0.0022779,0,0,0,0,0,0,0,0.0,False,False
shadow_prob_RF_SHALLOW_BALANCED,0.9616,shadow_prob_RF_SHALLOW_BALANCED_0.9616,347,25,8,10950,0.932796,0.977465,0.954608,0.0022779,0,0,0,0,0,0,0,0.0,False,False
shadow_prob_RF_SHALLOW_BALANCED,0.97,shadow_prob_RF_SHALLOW_BALANCED_0.97,347,25,8,10950,0.932796,0.977465,0.954608,0.0022779,0,0,0,0,0,0,0,0.0,False,False
shadow_prob_RF_SHALLOW_BALANCED,0.98,shadow_prob_RF_SHALLOW_BALANCED_0.98,347,25,8,10950,0.932796,0.977465,0.954608,0.0022779,0,0,0,0,0,0,0,0.0,False,False
shadow_prob_RF_SHALLOW_BALANCED,0.99,shadow_prob_RF_SHALLOW_BALANCED_0.99,347,25,8,10950,0.932796,0.977465,0.954608,0.0022779,0,0,0,0,0,0,0,0.0,False,False
shadow_prob_RF_SHALLOW_BALANCED,0.9984,shadow_prob_RF_SHALLOW_BALANCED_0.9984,347,25,8,10950,0.932796,0.977465,0.954608,0.0022779,0,0,0,0,0,0,0,0.0,False,False
shadow_prob_RF_SHALLOW_BALANCED,0.9996,shadow_prob_RF_SHALLOW_BALANCED_0.9996,347,25,8,10950,0.932796,0.977465,0.954608,0.0022779,0,0,0,0,0,0,0,0.0,False,False
shadow_prob_EXTRATREES_SHALLOW_BALANCED,0.9,shadow_prob_EXTRATREES_SHALLOW_BALANCED_0.9,347,25,8,10950,0.932796,0.977465,0.954608,0.0022779,0,0,0,0,0,0,0,0.0,False,False
shadow_prob_EXTRATREES_SHALLOW_BALANCED,0.92,shadow_prob_EXTRATREES_SHALLOW_BALANCED_0.92,347,25,8,10950,0.932796,0.977465,0.954608,0.0022779,0,0,0,0,0,0,0,0.0,False,False
shadow_prob_EXTRATREES_SHALLOW_BALANCED,0.94,shadow_prob_EXTRATREES_SHALLOW_BALANCED_0.94,347,25,8,10950,0.932796,0.977465,0.954608,0.0022779,0,0,0,0,0,0,0,0.0,False,False
shadow_prob_EXTRATREES_SHALLOW_BALANCED,0.95,shadow_prob_EXTRATREES_SHALLOW_BALANCED_0.95,347,25,8,10950,0.932796,0.977465,0.954608,0.0022779,0,0,0,0,0,0,0,0.0,False,False
shadow_prob_EXTRATREES_SHALLOW_BALANCED,0.96,shadow_prob_EXTRATREES_SHALLOW_BALANCED_0.96,347,25,8,10950,0.932796,0.977465,0.954608,0.0022779,0,0,0,0,0,0,0,0.0,False,False
shadow_prob_EXTRATREES_SHALLOW_BALANCED,0.9616,shadow_prob_EXTRATREES_SHALLOW_BALANCED_0.9616,347,25,8,10950,0.932796,0.977465,0.954608,0.0022779,0,0,0,0,0,0,0,0.0,False,False
shadow_prob_EXTRATREES_SHALLOW_BALANCED,0.97,shadow_prob_EXTRATREES_SHALLOW_BALANCED_0.97,347,25,8,10950,0.932796,0.977465,0.954608,0.0022779,0,0,0,0,0,0,0,0.0,False,False
shadow_prob_EXTRATREES_SHALLOW_BALANCED,0.98,shadow_prob_EXTRATREES_SHALLOW_BALANCED_0.98,347,25,8,10950,0.932796,0.977465,0.954608,0.0022779,0,0,0,0,0,0,0,0.0,False,False
shadow_prob_EXTRATREES_SHALLOW_BALANCED,0.99,shadow_prob_EXTRATREES_SHALLOW_BALANCED_0.99,347,25,8,10950,0.932796,0.977465,0.954608,0.0022779,0,0,0,0,0,0,0,0.0,False,False
shadow_prob_EXTRATREES_SHALLOW_BALANCED,0.9984,shadow_prob_EXTRATREES_SHALLOW_BALANCED_0.9984,347,25,8,10950,0.932796,0.977465,0.954608,0.0022779,0,0,0,0,0,0,0,0.0,False,False
shadow_prob_EXTRATREES_SHALLOW_BALANCED,0.9996,shadow_prob_EXTRATREES_SHALLOW_BALANCED_0.9996,347,25,8,10950,0.932796,0.977465,0.954608,0.0022779,0,0,0,0,0,0,0,0.0,False,False
shadow_prob_ENSEMBLE_MEAN,0.9,shadow_prob_ENSEMBLE_MEAN_0.9,347,25,8,10950,0.932796,0.977465,0.954608,0.0022779,0,0,0,0,0,0,0,0.0,False,False
shadow_prob_ENSEMBLE_MEAN,0.92,shadow_prob_ENSEMBLE_MEAN_0.92,347,25,8,10950,0.932796,0.977465,0.954608,0.0022779,0,0,0,0,0,0,0,0.0,False,False
shadow_prob_ENSEMBLE_MEAN,0.94,shadow_prob_ENSEMBLE_MEAN_0.94,347,25,8,10950,0.932796,0.977465,0.954608,0.0022779,0,0,0,0,0,0,0,0.0,False,False
shadow_prob_ENSEMBLE_MEAN,0.95,shadow_prob_ENSEMBLE_MEAN_0.95,347,25,8,10950,0.932796,0.977465,0.954608,0.0022779,0,0,0,0,0,0,0,0.0,False,False
shadow_prob_ENSEMBLE_MEAN,0.96,shadow_prob_ENSEMBLE_MEAN_0.96,347,25,8,10950,0.932796,0.977465,0.954608,0.0022779,0,0,0,0,0,0,0,0.0,False,False
shadow_prob_ENSEMBLE_MEAN,0.9616,shadow_prob_ENSEMBLE_MEAN_0.9616,347,25,8,10950,0.932796,0.977465,0.954608,0.0022779,0,0,0,0,0,0,0,0.0,False,False
shadow_prob_ENSEMBLE_MEAN,0.97,shadow_prob_ENSEMBLE_MEAN_0.97,347,25,8,10950,0.932796,0.977465,0.954608,0.0022779,0,0,0,0,0,0,0,0.0,False,False
shadow_prob_ENSEMBLE_MEAN,0.98,shadow_prob_ENSEMBLE_MEAN_0.98,347,25,8,10950,0.932796,0.977465,0.954608,0.0022779,0,0,0,0,0,0,0,0.0,False,False
shadow_prob_ENSEMBLE_MEAN,0.99,shadow_prob_ENSEMBLE_MEAN_0.99,347,25,8,10950,0.932796,0.977465,0.954608,0.0022779,0,0,0,0,0,0,0,0.0,False,False
shadow_prob_ENSEMBLE_MEAN,0.9984,shadow_prob_ENSEMBLE_MEAN_0.9984,347,25,8,10950,0.932796,0.977465,0.954608,0.0022779,0,0,0,0,0,0,0,0.0,False,False
shadow_prob_ENSEMBLE_MEAN,0.9996,shadow_prob_ENSEMBLE_MEAN_0.9996,347,25,8,10950,0.932796,0.977465,0.954608,0.0022779,0,0,0,0,0,0,0,0.0,False,False
shadow_prob_ENSEMBLE_MEAN,0.85,shadow_prob_ENSEMBLE_MEAN_0.85,347,26,8,10949,0.930295,0.977465,0.953297,0.00236902,0,1,0,0,1,0,1,-0.001311,False,False
shadow_prob_RF_SHALLOW_BALANCED,0.85,shadow_prob_RF_SHALLOW_BALANCED_0.85,347,27,8,10948,0.927807,0.977465,0.951989,0.00246014,0,2,0,0,2,0,2,-0.002619,False,False
shadow_prob_RF_SHALLOW_BALANCED,0.8,shadow_prob_RF_SHALLOW_BALANCED_0.8,347,28,8,10947,0.925333,0.977465,0.950685,0.00255125,0,3,0,0,3,0,3,-0.003923,False,False
shadow_prob_EXTRATREES_SHALLOW_BALANCED,0.85,shadow_prob_EXTRATREES_SHALLOW_BALANCED_0.85,347,30,8,10945,0.920424,0.977465,0.948087,0.00273349,0,5,0,0,5,0,5,-0.006521,False,False
shadow_prob_EXTRATREES_SHALLOW_BALANCED,0.8,shadow_prob_EXTRATREES_SHALLOW_BALANCED_0.8,347,35,8,10940,0.908377,0.977465,0.941655,0.00318907,0,10,0,0,10,0,10,-0.012953,False,False
