recoverability_class,next_action,value_bin,relationship_bin,age_bin,lgbm_bin,if_bin,score_bin,first_receiver_num,pix_random_num,count,seeds,avg_vl_pix,avg_lgbm_raw,avg_if_percentile,avg_se_score,avg_beh_score,avg_score_final,examples
DATA_LIMITED_WEAK_ALL_MODULES,MARCAR_COMO_PROVAVEL_DATA_LIMITED,VL_100_499,REL_10Y_PLUS,AGE_45_59,LGBM_010_050,IF_LT_800,SCORE_APROVAR_LOW,1,1,2,"42,123",498.96,0.02834,0.763758,0.0,0.0,44.88,"E0000020820260227174607667379525, E0000020820260227174607667379525"
DATA_LIMITED_WEAK_ALL_MODULES,MARCAR_COMO_PROVAVEL_DATA_LIMITED,VL_100_499,REL_3_10Y,AGE_30_44,LGBM_LT_010,IF_LT_800,SCORE_APROVAR_LOW,1,1,2,"42,123",390.0,0.003705,0.360036,0.0,0.0,17.44,"E0000020820260107140624591248525, E0000020820260107140624591248525"
NEAR_THRESHOLD,AUDITAR_COMPOSICAO_SCORE,VL_100_499,REL_0_6M,AGE_30_44,LGBM_050_100,IF_LT_800,SCORE_GRAY_55_62,1,0,2,"42,123",381.0,0.068474,0.446114,0.0,0.0,60.67,"E0000020820260205003505340630525, E0000020820260205003505340630525"
MODULE_SIGNAL_WEAK,MANTER_PARA_META_LEARNER_SHADOW,VL_100_499,REL_10Y_PLUS,AGE_60_69,LGBM_010_050,IF_950_985,SCORE_GRAY_45_55,1,0,2,"42,123",300.0,0.028504,0.957011,0.0,0.0,46.39,"E0000020820260316231246610306525, E0000020820260316231246610306525"
DATA_LIMITED_WEAK_ALL_MODULES,MARCAR_COMO_PROVAVEL_DATA_LIMITED,VL_100_499,REL_3_10Y,AGE_18_29,LGBM_LT_010,IF_LT_800,SCORE_APROVAR_LOW,1,1,2,"42,123",188.82,3.2e-05,0.276744,0.0,0.0,1.75,"E0000020820260224213046993254525, E0000020820260224213046993254525"
MIXED_OR_UNCLEAR,MANTER_PARA_META_LEARNER_SHADOW,VL_100_499,REL_10Y_PLUS,AGE_30_44,LGBM_010_050,IF_LT_800,SCORE_GRAY_45_55,1,0,2,"42,123",142.0,0.047823,0.477062,0.0,0.0,53.2,"E0000020820260103172401005155525, E0000020820260103172401005155525"
DATA_LIMITED_WEAK_ALL_MODULES,MARCAR_COMO_PROVAVEL_DATA_LIMITED,VL_000_099,REL_10Y_PLUS,AGE_30_44,LGBM_LT_010,IF_LT_800,SCORE_APROVAR_LOW,1,1,2,"42,123",57.88,0.004175,0.379739,0.0,0.0,21.34,"E0000020820260214233339434522525, E0000020820260214233339434522525"
DATA_LIMITED_WEAK_ALL_MODULES,MARCAR_COMO_PROVAVEL_DATA_LIMITED,VL_000_099,REL_10Y_PLUS,AGE_45_59,LGBM_010_050,IF_LT_800,SCORE_APROVAR_LOW,1,0,2,"42,123",50.0,0.022318,0.761867,0.0,0.0,41.87,"E0000020820260123162214303665525, E0000020820260123162214303665525"
DATA_LIMITED_WEAK_ALL_MODULES,MARCAR_COMO_PROVAVEL_DATA_LIMITED,VL_000_099,REL_10Y_PLUS,AGE_60_69,LGBM_LT_010,IF_LT_800,SCORE_APROVAR_LOW,1,1,2,"42,123",29.9,4.9e-05,0.708727,0.0,0.0,4.06,"E0000020820260213145228155991525, E0000020820260213145228155991525"
