threshold,tp,fp,fn,tn,precision,recall,f1,fpr
0.005,79,39,1,9917,0.669492,0.9875,0.79798,0.00391724
0.01,79,31,1,9925,0.718182,0.9875,0.831579,0.0031137
0.015,78,27,2,9929,0.742857,0.975,0.843243,0.00271193
0.02,78,25,2,9931,0.757282,0.975,0.852459,0.00251105
0.025,78,24,2,9932,0.764706,0.975,0.857143,0.00241061
0.03,78,22,2,9934,0.78,0.975,0.866667,0.00220972
0.035,78,21,2,9935,0.787879,0.975,0.871508,0.00210928
0.04,78,21,2,9935,0.787879,0.975,0.871508,0.00210928
0.045,78,21,2,9935,0.787879,0.975,0.871508,0.00210928
0.05,78,21,2,9935,0.787879,0.975,0.871508,0.00210928
0.055,78,21,2,9935,0.787879,0.975,0.871508,0.00210928
0.06,78,21,2,9935,0.787879,0.975,0.871508,0.00210928
0.065,78,21,2,9935,0.787879,0.975,0.871508,0.00210928
0.07,77,20,3,9936,0.793814,0.9625,0.870056,0.00200884
0.075,77,19,3,9937,0.802083,0.9625,0.875,0.0019084
0.08,77,19,3,9937,0.802083,0.9625,0.875,0.0019084
0.085,77,19,3,9937,0.802083,0.9625,0.875,0.0019084
0.09,77,19,3,9937,0.802083,0.9625,0.875,0.0019084
0.095,77,19,3,9937,0.802083,0.9625,0.875,0.0019084
0.1,77,19,3,9937,0.802083,0.9625,0.875,0.0019084
0.105,77,18,3,9938,0.810526,0.9625,0.88,0.00180796
0.11,77,18,3,9938,0.810526,0.9625,0.88,0.00180796
0.115,77,18,3,9938,0.810526,0.9625,0.88,0.00180796
0.12,77,18,3,9938,0.810526,0.9625,0.88,0.00180796
0.125,77,17,3,9939,0.819149,0.9625,0.885057,0.00170751
0.13,77,17,3,9939,0.819149,0.9625,0.885057,0.00170751
0.135,77,17,3,9939,0.819149,0.9625,0.885057,0.00170751
0.14,77,17,3,9939,0.819149,0.9625,0.885057,0.00170751
0.145,77,17,3,9939,0.819149,0.9625,0.885057,0.00170751
0.15,77,17,3,9939,0.819149,0.9625,0.885057,0.00170751
0.155,77,16,3,9940,0.827957,0.9625,0.890173,0.00160707
0.16,77,15,3,9941,0.836957,0.9625,0.895349,0.00150663
0.165,77,15,3,9941,0.836957,0.9625,0.895349,0.00150663
0.17,77,15,3,9941,0.836957,0.9625,0.895349,0.00150663
0.175,77,15,3,9941,0.836957,0.9625,0.895349,0.00150663
0.18,77,15,3,9941,0.836957,0.9625,0.895349,0.00150663
0.185,77,15,3,9941,0.836957,0.9625,0.895349,0.00150663
0.19,77,15,3,9941,0.836957,0.9625,0.895349,0.00150663
0.195,77,15,3,9941,0.836957,0.9625,0.895349,0.00150663
0.2,77,14,3,9942,0.846154,0.9625,0.900585,0.00140619
0.205,77,13,3,9943,0.855556,0.9625,0.905882,0.00130575
0.21,77,13,3,9943,0.855556,0.9625,0.905882,0.00130575
0.215,77,13,3,9943,0.855556,0.9625,0.905882,0.00130575
0.22,77,13,3,9943,0.855556,0.9625,0.905882,0.00130575
0.225,77,13,3,9943,0.855556,0.9625,0.905882,0.00130575
0.23,77,13,3,9943,0.855556,0.9625,0.905882,0.00130575
0.235,77,13,3,9943,0.855556,0.9625,0.905882,0.00130575
0.24,77,13,3,9943,0.855556,0.9625,0.905882,0.00130575
0.245,77,13,3,9943,0.855556,0.9625,0.905882,0.00130575
0.25,77,13,3,9943,0.855556,0.9625,0.905882,0.00130575
0.255,77,13,3,9943,0.855556,0.9625,0.905882,0.00130575
0.26,77,13,3,9943,0.855556,0.9625,0.905882,0.00130575
0.265,77,13,3,9943,0.855556,0.9625,0.905882,0.00130575
0.27,77,12,3,9944,0.865169,0.9625,0.911243,0.0012053
0.275,77,12,3,9944,0.865169,0.9625,0.911243,0.0012053
0.28,77,12,3,9944,0.865169,0.9625,0.911243,0.0012053
0.285,76,12,4,9944,0.863636,0.95,0.904762,0.0012053
0.29,76,12,4,9944,0.863636,0.95,0.904762,0.0012053
0.295,76,12,4,9944,0.863636,0.95,0.904762,0.0012053
0.3,76,12,4,9944,0.863636,0.95,0.904762,0.0012053
0.305,76,12,4,9944,0.863636,0.95,0.904762,0.0012053
0.31,76,12,4,9944,0.863636,0.95,0.904762,0.0012053
0.315,76,12,4,9944,0.863636,0.95,0.904762,0.0012053
0.32,76,12,4,9944,0.863636,0.95,0.904762,0.0012053
0.325,76,12,4,9944,0.863636,0.95,0.904762,0.0012053
0.33,76,12,4,9944,0.863636,0.95,0.904762,0.0012053
0.335,76,12,4,9944,0.863636,0.95,0.904762,0.0012053
0.34,76,12,4,9944,0.863636,0.95,0.904762,0.0012053
0.345,76,12,4,9944,0.863636,0.95,0.904762,0.0012053
0.35,76,12,4,9944,0.863636,0.95,0.904762,0.0012053
0.355,76,12,4,9944,0.863636,0.95,0.904762,0.0012053
0.36,76,12,4,9944,0.863636,0.95,0.904762,0.0012053
0.365,76,12,4,9944,0.863636,0.95,0.904762,0.0012053
0.37,76,12,4,9944,0.863636,0.95,0.904762,0.0012053
0.375,76,12,4,9944,0.863636,0.95,0.904762,0.0012053
0.38,76,12,4,9944,0.863636,0.95,0.904762,0.0012053
0.385,76,12,4,9944,0.863636,0.95,0.904762,0.0012053
0.39,76,12,4,9944,0.863636,0.95,0.904762,0.0012053
0.395,75,12,5,9944,0.862069,0.9375,0.898204,0.0012053
0.4,75,12,5,9944,0.862069,0.9375,0.898204,0.0012053
0.405,74,12,6,9944,0.860465,0.925,0.891566,0.0012053
0.41,74,12,6,9944,0.860465,0.925,0.891566,0.0012053
0.415,74,12,6,9944,0.860465,0.925,0.891566,0.0012053
0.42,74,12,6,9944,0.860465,0.925,0.891566,0.0012053
0.425,74,12,6,9944,0.860465,0.925,0.891566,0.0012053
0.43,74,12,6,9944,0.860465,0.925,0.891566,0.0012053
0.435,74,12,6,9944,0.860465,0.925,0.891566,0.0012053
0.44,74,12,6,9944,0.860465,0.925,0.891566,0.0012053
0.445,74,12,6,9944,0.860465,0.925,0.891566,0.0012053
0.45,74,12,6,9944,0.860465,0.925,0.891566,0.0012053
0.455,74,12,6,9944,0.860465,0.925,0.891566,0.0012053
0.46,74,12,6,9944,0.860465,0.925,0.891566,0.0012053
0.465,74,12,6,9944,0.860465,0.925,0.891566,0.0012053
0.47,74,12,6,9944,0.860465,0.925,0.891566,0.0012053
0.475,73,12,7,9944,0.858824,0.9125,0.884848,0.0012053
0.48,73,12,7,9944,0.858824,0.9125,0.884848,0.0012053
0.485,73,12,7,9944,0.858824,0.9125,0.884848,0.0012053
0.49,73,12,7,9944,0.858824,0.9125,0.884848,0.0012053
0.495,73,12,7,9944,0.858824,0.9125,0.884848,0.0012053
0.5,73,12,7,9944,0.858824,0.9125,0.884848,0.0012053
0.505,73,12,7,9944,0.858824,0.9125,0.884848,0.0012053
0.51,73,12,7,9944,0.858824,0.9125,0.884848,0.0012053
0.515,73,12,7,9944,0.858824,0.9125,0.884848,0.0012053
0.52,73,12,7,9944,0.858824,0.9125,0.884848,0.0012053
0.525,73,12,7,9944,0.858824,0.9125,0.884848,0.0012053
0.53,73,12,7,9944,0.858824,0.9125,0.884848,0.0012053
0.535,73,12,7,9944,0.858824,0.9125,0.884848,0.0012053
0.54,73,12,7,9944,0.858824,0.9125,0.884848,0.0012053
0.545,73,12,7,9944,0.858824,0.9125,0.884848,0.0012053
0.55,73,12,7,9944,0.858824,0.9125,0.884848,0.0012053
0.555,73,12,7,9944,0.858824,0.9125,0.884848,0.0012053
0.56,73,12,7,9944,0.858824,0.9125,0.884848,0.0012053
0.565,73,12,7,9944,0.858824,0.9125,0.884848,0.0012053
0.57,73,12,7,9944,0.858824,0.9125,0.884848,0.0012053
0.575,73,12,7,9944,0.858824,0.9125,0.884848,0.0012053
0.58,73,12,7,9944,0.858824,0.9125,0.884848,0.0012053
0.585,73,12,7,9944,0.858824,0.9125,0.884848,0.0012053
0.59,73,12,7,9944,0.858824,0.9125,0.884848,0.0012053
0.595,73,12,7,9944,0.858824,0.9125,0.884848,0.0012053
0.6,73,12,7,9944,0.858824,0.9125,0.884848,0.0012053
0.605,73,12,7,9944,0.858824,0.9125,0.884848,0.0012053
0.61,73,12,7,9944,0.858824,0.9125,0.884848,0.0012053
0.615,73,12,7,9944,0.858824,0.9125,0.884848,0.0012053
0.62,73,12,7,9944,0.858824,0.9125,0.884848,0.0012053
0.625,73,11,7,9945,0.869048,0.9125,0.890244,0.00110486
0.63,73,11,7,9945,0.869048,0.9125,0.890244,0.00110486
0.635,73,11,7,9945,0.869048,0.9125,0.890244,0.00110486
0.64,72,11,8,9945,0.86747,0.9,0.883436,0.00110486
0.645,72,11,8,9945,0.86747,0.9,0.883436,0.00110486
0.65,72,11,8,9945,0.86747,0.9,0.883436,0.00110486
0.655,72,11,8,9945,0.86747,0.9,0.883436,0.00110486
0.66,72,11,8,9945,0.86747,0.9,0.883436,0.00110486
0.665,72,11,8,9945,0.86747,0.9,0.883436,0.00110486
0.67,72,11,8,9945,0.86747,0.9,0.883436,0.00110486
0.675,72,11,8,9945,0.86747,0.9,0.883436,0.00110486
0.68,72,11,8,9945,0.86747,0.9,0.883436,0.00110486
0.685,72,11,8,9945,0.86747,0.9,0.883436,0.00110486
0.69,72,11,8,9945,0.86747,0.9,0.883436,0.00110486
0.695,71,11,9,9945,0.865854,0.8875,0.876543,0.00110486
0.7,71,11,9,9945,0.865854,0.8875,0.876543,0.00110486
0.705,71,11,9,9945,0.865854,0.8875,0.876543,0.00110486
0.71,71,11,9,9945,0.865854,0.8875,0.876543,0.00110486
0.715,71,11,9,9945,0.865854,0.8875,0.876543,0.00110486
0.72,70,10,10,9946,0.875,0.875,0.875,0.00100442
0.725,70,10,10,9946,0.875,0.875,0.875,0.00100442
0.73,70,10,10,9946,0.875,0.875,0.875,0.00100442
0.735,70,9,10,9947,0.886076,0.875,0.880503,0.00090398
0.74,70,8,10,9948,0.897436,0.875,0.886076,0.00080354
0.745,70,8,10,9948,0.897436,0.875,0.886076,0.00080354
0.75,70,8,10,9948,0.897436,0.875,0.886076,0.00080354
0.755,70,8,10,9948,0.897436,0.875,0.886076,0.00080354
0.76,70,8,10,9948,0.897436,0.875,0.886076,0.00080354
0.765,70,8,10,9948,0.897436,0.875,0.886076,0.00080354
0.77,70,8,10,9948,0.897436,0.875,0.886076,0.00080354
0.775,70,8,10,9948,0.897436,0.875,0.886076,0.00080354
0.78,70,8,10,9948,0.897436,0.875,0.886076,0.00080354
0.785,70,8,10,9948,0.897436,0.875,0.886076,0.00080354
0.79,70,8,10,9948,0.897436,0.875,0.886076,0.00080354
0.795,69,8,11,9948,0.896104,0.8625,0.878981,0.00080354
0.8,69,8,11,9948,0.896104,0.8625,0.878981,0.00080354
0.805,69,8,11,9948,0.896104,0.8625,0.878981,0.00080354
0.81,69,8,11,9948,0.896104,0.8625,0.878981,0.00080354
0.815,69,8,11,9948,0.896104,0.8625,0.878981,0.00080354
0.82,69,8,11,9948,0.896104,0.8625,0.878981,0.00080354
0.825,69,8,11,9948,0.896104,0.8625,0.878981,0.00080354
0.83,69,8,11,9948,0.896104,0.8625,0.878981,0.00080354
0.835,69,8,11,9948,0.896104,0.8625,0.878981,0.00080354
0.84,69,8,11,9948,0.896104,0.8625,0.878981,0.00080354
0.845,69,8,11,9948,0.896104,0.8625,0.878981,0.00080354
0.85,69,8,11,9948,0.896104,0.8625,0.878981,0.00080354
0.855,67,8,13,9948,0.893333,0.8375,0.864516,0.00080354
0.86,67,8,13,9948,0.893333,0.8375,0.864516,0.00080354
0.865,67,8,13,9948,0.893333,0.8375,0.864516,0.00080354
0.87,67,8,13,9948,0.893333,0.8375,0.864516,0.00080354
0.875,67,8,13,9948,0.893333,0.8375,0.864516,0.00080354
0.88,67,7,13,9949,0.905405,0.8375,0.87013,0.00070309
0.885,67,7,13,9949,0.905405,0.8375,0.87013,0.00070309
0.89,67,7,13,9949,0.905405,0.8375,0.87013,0.00070309
0.895,67,7,13,9949,0.905405,0.8375,0.87013,0.00070309
0.9,67,7,13,9949,0.905405,0.8375,0.87013,0.00070309
0.905,67,7,13,9949,0.905405,0.8375,0.87013,0.00070309
0.91,66,7,14,9949,0.90411,0.825,0.862745,0.00070309
0.915,65,7,15,9949,0.902778,0.8125,0.855263,0.00070309
0.92,65,7,15,9949,0.902778,0.8125,0.855263,0.00070309
0.925,65,7,15,9949,0.902778,0.8125,0.855263,0.00070309
0.93,65,7,15,9949,0.902778,0.8125,0.855263,0.00070309
0.935,65,7,15,9949,0.902778,0.8125,0.855263,0.00070309
0.94,65,7,15,9949,0.902778,0.8125,0.855263,0.00070309
0.945,65,7,15,9949,0.902778,0.8125,0.855263,0.00070309
0.95,65,7,15,9949,0.902778,0.8125,0.855263,0.00070309
0.955,65,7,15,9949,0.902778,0.8125,0.855263,0.00070309
